<?xml version="1.0"?>
<doc>
    <assembly>
        <name>Microsoft.Xrm.Tooling.Dmt.ImportProcessor</name>
    </assembly>
    <members>
        <member name="F:Microsoft.Xrm.Tooling.Dmt.ImportProcessor.DataInteraction.ImportCrmEntityActions.schemaObject">
            <summary>
            Schema Pointer
            </summary>
        </member>
        <member name="F:Microsoft.Xrm.Tooling.Dmt.ImportProcessor.DataInteraction.ImportCrmEntityActions.PrimaryInsertRecordQueue">
            <summary>
            Insert Rows by Connection Array..
            this us the queue manager for the first pass.
            </summary>
        </member>
        <member name="F:Microsoft.Xrm.Tooling.Dmt.ImportProcessor.DataInteraction.ImportCrmEntityActions.M2MUpdateRelationQueue">
            <summary>
            Updates M2M Relationships of processed data.
            </summary>
        </member>
        <member name="F:Microsoft.Xrm.Tooling.Dmt.ImportProcessor.DataInteraction.ImportCrmEntityActions.UpdateRecordQueue">
            <summary>
            Update Record queue
            this is the queue manager for the second pass.
            </summary>
        </member>
        <member name="F:Microsoft.Xrm.Tooling.Dmt.ImportProcessor.DataInteraction.ImportCrmEntityActions.ReprocessingList">
            <summary>
            List of items to Reprocess for this entity.
            </summary>
        </member>
        <member name="F:Microsoft.Xrm.Tooling.Dmt.ImportProcessor.DataInteraction.ImportCrmEntityActions.ImportedTotalRecs">
            <summary>
            total number of Records Imported.
            </summary>
        </member>
        <member name="F:Microsoft.Xrm.Tooling.Dmt.ImportProcessor.DataInteraction.ImportCrmEntityActions.ImportFailedTotalRecs">
            <summary>
            total number for records that failed to import.
            </summary>
        </member>
        <member name="F:Microsoft.Xrm.Tooling.Dmt.ImportProcessor.DataInteraction.ImportCrmEntityActions.RecordCount_lockObject">
            <summary>
            Record Count Lock Object.
            </summary>
        </member>
        <member name="F:Microsoft.Xrm.Tooling.Dmt.ImportProcessor.DataInteraction.ImportCrmEntityActions.importResultsLog">
            <summary>
            Contains the log of the import process that would be displayed to the user and or utilized as part of the Output log.
            </summary>
        </member>
        <member name="F:Microsoft.Xrm.Tooling.Dmt.ImportProcessor.DataInteraction.ImportCrmEntityActions.logger">
            <summary>
            Pointer to the trace Object passed into this class.
            </summary>
        </member>
        <member name="F:Microsoft.Xrm.Tooling.Dmt.ImportProcessor.DataInteraction.ImportCrmEntityActions._importConnections">
            <summary>
            Array of Import connections
            </summary>
        </member>
        <member name="F:Microsoft.Xrm.Tooling.Dmt.ImportProcessor.DataInteraction.ImportCrmEntityActions._crmConnection">
            <summary>
            Internal management connection to CRM
            </summary>
        </member>
        <member name="P:Microsoft.Xrm.Tooling.Dmt.ImportProcessor.DataInteraction.ImportCrmEntityActions.UserMap">
            <summary>
            Sets or gets the User Map.
            </summary>
        </member>
        <member name="P:Microsoft.Xrm.Tooling.Dmt.ImportProcessor.DataInteraction.ImportCrmEntityActions.OverrideDateMode">
            <summary>
            Overrides the dateMode of all date fields during import.
            </summary>
        </member>
        <member name="P:Microsoft.Xrm.Tooling.Dmt.ImportProcessor.DataInteraction.ImportCrmEntityActions.DataTimestamp">
            <summary>
            The date &amp; time the data was exported.
            </summary>
        </member>
        <member name="P:Microsoft.Xrm.Tooling.Dmt.ImportProcessor.DataInteraction.ImportCrmEntityActions.ImportTimestamp">
            <summary>
            The date &amp; time of the data import.
            </summary>
        </member>
        <member name="P:Microsoft.Xrm.Tooling.Dmt.ImportProcessor.DataInteraction.ImportCrmEntityActions.OverrideUpdateCheckSafety">
            <summary>
            If Set, All update/safety checks are removed for this run.
            </summary>
        </member>
        <member name="F:Microsoft.Xrm.Tooling.Dmt.ImportProcessor.DataInteraction.ImportCrmEntityActions._entitiesNeedingOrderedCreate">
            <summary>
            The entities needing ordered create and threaded creation wont work for these entities
            </summary>
        </member>
        <member name="F:Microsoft.Xrm.Tooling.Dmt.ImportProcessor.DataInteraction.ImportCrmEntityActions._preprocessfetchRecordLimit">
            <summary>
            Limit for count of entity records that can be used for preprocessing
            </summary>
        </member>
        <member name="F:Microsoft.Xrm.Tooling.Dmt.ImportProcessor.DataInteraction.ImportCrmEntityActions.BaseCrmCallerId">
            <summary>
            Holds the initial caller ID.
            </summary>
        </member>
        <member name="F:Microsoft.Xrm.Tooling.Dmt.ImportProcessor.DataInteraction.ImportCrmEntityActions.cacheKeyUserID">
            <summary>
            Cache key for user ID.
            </summary>
        </member>
        <member name="F:Microsoft.Xrm.Tooling.Dmt.ImportProcessor.DataInteraction.ImportCrmEntityActions.cacheKeyBusinessUnitID">
            <summary>
            Cache Key for BusinessUnit ID
            </summary>
        </member>
        <member name="F:Microsoft.Xrm.Tooling.Dmt.ImportProcessor.DataInteraction.ImportCrmEntityActions.cacheKeyOrganizationID">
            <summary>
            Cache Key for Org ID
            </summary>
        </member>
        <member name="P:Microsoft.Xrm.Tooling.Dmt.ImportProcessor.DataInteraction.ImportCrmEntityActions.EnabledBatchMode">
            <summary>
            If set, tries to enabled batch mode against CRM.
            </summary>
        </member>
        <member name="P:Microsoft.Xrm.Tooling.Dmt.ImportProcessor.DataInteraction.ImportCrmEntityActions.BatchCountSize">
            <summary>
            Size of batches when Enabled Batch Mode is active.
            </summary>
        </member>
        <member name="P:Microsoft.Xrm.Tooling.Dmt.ImportProcessor.DataInteraction.ImportCrmEntityActions.ImportConnections">
            <summary>
            Array of Import connections.
            </summary>
        </member>
        <member name="P:Microsoft.Xrm.Tooling.Dmt.ImportProcessor.DataInteraction.ImportCrmEntityActions.CrmConnection">
            <summary>
            Management Connection to CRM
            </summary>
        </member>
        <member name="E:Microsoft.Xrm.Tooling.Dmt.ImportProcessor.DataInteraction.ImportCrmEntityActions.EntityImportBegining">
            <summary>
            Raised when Import Begins
            </summary>
        </member>
        <member name="E:Microsoft.Xrm.Tooling.Dmt.ImportProcessor.DataInteraction.ImportCrmEntityActions.EntityImportFailed">
            <summary>
            Raised when Import Fails
            </summary>
        </member>
        <member name="E:Microsoft.Xrm.Tooling.Dmt.ImportProcessor.DataInteraction.ImportCrmEntityActions.EntityImportComplete">
            <summary>
            Raise when Import Completes
            </summary>
        </member>
        <member name="E:Microsoft.Xrm.Tooling.Dmt.ImportProcessor.DataInteraction.ImportCrmEntityActions.EntityAddEntityItemsToReprocessList">
            <summary>
            Raise when Import Completes
            </summary>
        </member>
        <member name="E:Microsoft.Xrm.Tooling.Dmt.ImportProcessor.DataInteraction.ImportCrmEntityActions.AddNewProgressItem">
            <summary>
            Raised when progress is added.
            </summary>
        </member>
        <member name="E:Microsoft.Xrm.Tooling.Dmt.ImportProcessor.DataInteraction.ImportCrmEntityActions.UpdateProgressItem">
            <summary>
            Raised when a progress item is updated
            </summary>
        </member>
        <member name="M:Microsoft.Xrm.Tooling.Dmt.ImportProcessor.DataInteraction.ImportCrmEntityActions.#ctor(Microsoft.Xrm.Tooling.Dmt.DataMigCommon.DataModel.Schema.entities,System.Collections.Generic.Dictionary{System.Int32,Microsoft.Xrm.Tooling.Connector.CrmServiceClient},Microsoft.Xrm.Tooling.Connector.CrmServiceClient,Microsoft.Xrm.Tooling.Dmt.DataMigCommon.Utility.TraceLogger,System.Boolean,Microsoft.Xrm.Tooling.Dmt.ImportProcessor.DataInteraction.ImportResultsLog,Microsoft.Xrm.Tooling.Dmt.DataMigCommon.MapFileAssets.MappingConfiguration,System.DateTime,System.DateTime,System.Boolean@,System.Boolean,System.Boolean,System.Int32,System.Int32,System.Nullable{Microsoft.Xrm.Tooling.Dmt.DataMigCommon.DataModel.Schema.DateMode})">
            <summary>
            Import Actions handler.
            Initializes the Import Actions Class.
            </summary>
            <param name="schema"></param>
            <param name="ImportConnections"></param>
            <param name="crmManagementConnection"></param>
            <param name="LoggerProvider"></param>
            <param name="threaded"></param>
            <param name="importLog"></param>
            <param name="userMap"></param>
            <param name="dataTimestamp"></param>
            <param name="importTimestamp"></param>
            <param name="abortImport"></param>
            <param name="OverrideSafetyChecks"></param>
            <param name="EnableBatchMode"></param>
            <param name="RecordsPerBatch"></param>
            <param name="PreprocessfetchRecordLimit">Limit of records that will cause the system to go into retrieve mode for preprocessing.</param>
            <param name="overrideDateMode"></param>
        </member>
        <member name="M:Microsoft.Xrm.Tooling.Dmt.ImportProcessor.DataInteraction.ImportCrmEntityActions.BeginEntityImport(Microsoft.Xrm.Tooling.Dmt.DataMigCommon.DataModel.Data.entitiesEntity)">
            <summary>
            Begin the Import process.
            </summary>
            <param name="entity"></param>
        </member>
        <member name="M:Microsoft.Xrm.Tooling.Dmt.ImportProcessor.DataInteraction.ImportCrmEntityActions.BeginReprocessUpdate(Microsoft.Xrm.Tooling.Dmt.DataMigCommon.DataModel.Schema.entitiesEntity,System.Collections.Generic.List{Microsoft.Xrm.Tooling.Dmt.DataMigCommon.DataInteraction.ReprocessDataRecords})">
            <summary>
            Begin Second pass update process.
            </summary>
            <param name="entity"></param>
            <param name="recordsToReprocess"></param>
        </member>
        <member name="M:Microsoft.Xrm.Tooling.Dmt.ImportProcessor.DataInteraction.ImportCrmEntityActions.BeginUpdateEntityRelations(Microsoft.Xrm.Tooling.Dmt.DataMigCommon.DataModel.Data.entitiesEntity)">
            <summary>
            Begin Second pass update process.
            </summary>
            <param name="entity"></param>
        </member>
        <member name="M:Microsoft.Xrm.Tooling.Dmt.ImportProcessor.DataInteraction.ImportCrmEntityActions.ImportM2MEntityData(Microsoft.Xrm.Tooling.Dmt.DataMigCommon.DataModel.Data.entitiesEntity,Microsoft.Xrm.Tooling.Dmt.DataMigCommon.DataModel.Schema.entitiesEntity,Microsoft.Xrm.Tooling.Dmt.DataMigCommon.Utility.ProgressItemEventArgs)">
            <summary>
            Saves the entity data.
            </summary>
            <param name="entity">The entity.</param>
            <param name="schemaEntity">The schema entity.</param>
            /// <param name="progressArgs">Progress Arguments.</param>
        </member>
        <member name="M:Microsoft.Xrm.Tooling.Dmt.ImportProcessor.DataInteraction.ImportCrmEntityActions.ImportEntityData(Microsoft.Xrm.Tooling.Dmt.DataMigCommon.DataModel.Data.entitiesEntity,Microsoft.Xrm.Tooling.Dmt.DataMigCommon.DataModel.Schema.entitiesEntity,Microsoft.Xrm.Tooling.Dmt.DataMigCommon.Utility.ProgressItemEventArgs)">
            <summary>
            Saves the entity data.
            </summary>
            <param name="entity">The entity.</param>
            <param name="schemaEntity">The schema entity.</param>
            <param name="progressArgs">Progress Arguments.</param>
        </member>
        <member name="M:Microsoft.Xrm.Tooling.Dmt.ImportProcessor.DataInteraction.ImportCrmEntityActions.ForceOrderOfEntityDataCreation(Microsoft.Xrm.Tooling.Dmt.DataMigCommon.DataModel.Data.entitiesEntity@,Microsoft.Xrm.Tooling.Dmt.DataMigCommon.DataModel.Schema.entitiesEntity)">
            <summary>
            Forces the order of entity data creation.
            </summary>
            <param name="entity">The entity.</param>
            <param name="schemaEntity">The schema entity.</param>
        </member>
        <member name="M:Microsoft.Xrm.Tooling.Dmt.ImportProcessor.DataInteraction.ImportCrmEntityActions.OrderDPABasedOnState(System.Collections.Generic.List{Microsoft.Xrm.Tooling.Dmt.DataMigCommon.DataModel.Data.entitiesEntityRecord},System.Collections.Generic.List{Microsoft.Xrm.Tooling.Dmt.DataMigCommon.DataModel.Data.entitiesEntityRecord})">
            <summary>
            Thsi function is used to order records of DynamicPropertyAssociations based on thier associationStatus.
            </summary>
            <param name="entityRecordsToProcess">list of records to process</param>
            <param name="finalOrder">list that will contain records in the final order</param>
        </member>
        <member name="M:Microsoft.Xrm.Tooling.Dmt.ImportProcessor.DataInteraction.ImportCrmEntityActions.OrderBasedOnParent(Microsoft.Xrm.Tooling.Dmt.DataMigCommon.DataModel.Data.entitiesEntity@,Microsoft.Xrm.Tooling.Dmt.DataMigCommon.DataModel.Schema.entitiesEntity,System.Collections.Generic.List{Microsoft.Xrm.Tooling.Dmt.DataMigCommon.DataModel.Data.entitiesEntityRecord},System.Collections.Generic.List{Microsoft.Xrm.Tooling.Dmt.DataMigCommon.DataModel.Data.entitiesEntityRecord},Microsoft.Xrm.Tooling.Dmt.DataMigCommon.Utility.ProgressItemEventArgs)">
            <summary>
            this function is used to order records of Products and dynamic properties based on their parent ids
            </summary>
            <param name="entity">entity</param>
            <param name="schemaEntity">schema entity</param>
            <param name="entityRecordsToProcess">list of records to process</param>
            <param name="finalOrder">list that will contain records in the final order</param>
            <param name="progressArgs">for updating progress</param>
        </member>
        <member name="M:Microsoft.Xrm.Tooling.Dmt.ImportProcessor.DataInteraction.ImportCrmEntityActions.ImportEntityDataBatchMode(Microsoft.Xrm.Tooling.Dmt.DataMigCommon.DataModel.Data.entitiesEntity,Microsoft.Xrm.Tooling.Dmt.DataMigCommon.DataModel.Schema.entitiesEntity,Microsoft.Xrm.Tooling.Dmt.DataMigCommon.Utility.ProgressItemEventArgs,System.Int64,System.Int64,System.Int64@)">
            <summary>
            Batch Processor version of ImportEntityData
            </summary>
            <param name="inprocessingRecordCount"></param>
            <param name="entity"></param>
            <param name="schemaEntity"></param>
            <param name="progressArgs"></param>
            <param name="TotalRecordCount"></param>
            <param name="processingRecordCount"></param>
            <returns></returns>
        </member>
        <member name="M:Microsoft.Xrm.Tooling.Dmt.ImportProcessor.DataInteraction.ImportCrmEntityActions.ImportDataToCrm(Microsoft.Xrm.Tooling.Connector.CrmServiceClient,Microsoft.Xrm.Tooling.Dmt.ImportProcessor.DataInteraction.InsertRecordData,System.Int64@,System.Guid,System.Int64)">
            <summary>
            Inserts or updates the entity in CRM..
            </summary>
            <param name="crmSvc">CRM Service connection to use</param>
            <param name="inRec">Record to process</param>
            <param name="outFaulted">Record to process</param>
            <param name="batchId">Record to process</param>
            <param name="inFaluted">Record to process</param>
        </member>
        <member name="M:Microsoft.Xrm.Tooling.Dmt.ImportProcessor.DataInteraction.ImportCrmEntityActions.IsRestrictedRecordType(Microsoft.Xrm.Tooling.Dmt.DataMigCommon.DataModel.Schema.entitiesEntity,Microsoft.Xrm.Tooling.Dmt.DataMigCommon.DataModel.Data.entitiesEntityRecord,System.Collections.Generic.Dictionary{System.String,Microsoft.Xrm.Tooling.Connector.CrmDataTypeWrapper})">
            <summary>
            Used to handle updating restricted record types
            </summary>
            <param name="data">Requested Data record</param>
            <param name="record">base record</param>
            <param name="schemaEntity">Schema Object</param>
            <returns>if the record should be skipped.</returns>
        </member>
        <member name="M:Microsoft.Xrm.Tooling.Dmt.ImportProcessor.DataInteraction.ImportCrmEntityActions.SpecialRecordHandeling(Microsoft.Xrm.Tooling.Connector.CrmServiceClient,Microsoft.Xrm.Tooling.Dmt.ImportProcessor.DataInteraction.InsertRecordData,System.Guid)">
            <summary>
            used to handle any special modifications to the data set.
            </summary>
            <param name="crmSvc"></param>
            <param name="inRec"></param>
            <param name="foundRecordId">If Dupe Detection found it..</param>
        </member>
        <member name="M:Microsoft.Xrm.Tooling.Dmt.ImportProcessor.DataInteraction.ImportCrmEntityActions.CheckAndRetrieveSystemUserRecordId(Microsoft.Xrm.Tooling.Connector.CrmServiceClient,System.String,System.String)">
            <summary>
            This is a specialized check for System users ..
            </summary>
            <param name="crmSvc">service to use to check with</param>
            <param name="fieldToCheck">Name of the field on System user to check with</param>
            <param name="idToCheck">UserID to check with</param>
            <returns></returns>
        </member>
        <member name="M:Microsoft.Xrm.Tooling.Dmt.ImportProcessor.DataInteraction.ImportCrmEntityActions.CreateSpecialCrmRecordType(Microsoft.Xrm.Tooling.Connector.CrmServiceClient,System.String,System.String,Microsoft.Xrm.Tooling.Dmt.ImportProcessor.DataInteraction.InsertRecordData,System.Guid,System.Guid)">
            <summary>
            This deals with invoking CRM Specialized types for some activities.
            </summary>
            <param name="crmSvc">CRM Service thread to use</param>
            <param name="parentEtn">Parent ETN</param>
            <param name="parentEtnKeyField">Parent ETN Field Name</param>
            <param name="inRec">Inbound Record. </param>
            <param name="iRecordId">Inbound Found RecId if located</param>
            <param name="batchId">Batch ID for send batch.</param>
            <returns></returns>
        </member>
        <member name="M:Microsoft.Xrm.Tooling.Dmt.ImportProcessor.DataInteraction.ImportCrmEntityActions.IsRecordClosed(Microsoft.Xrm.Tooling.Connector.CrmServiceClient,System.String,System.Guid,System.Int32)">
            <summary>
            Query the record to find out if the record is in a closed state before trying to act on it.
            </summary>
            <param name="crmSvc">CRM Service Connection</param>
            <param name="entityName">Entity Name I am looking at</param>
            <param name="entityId">Entity Id</param>
            <param name="defaultOpenState">Default Open state for the record, if the state is this value or lower the record is consider open</param>
            <returns>true if the record is close, false if the record is open </returns>
        </member>
        <member name="M:Microsoft.Xrm.Tooling.Dmt.ImportProcessor.DataInteraction.ImportCrmEntityActions.CreatePreParseWorkingData(Microsoft.Xrm.Tooling.Connector.CrmServiceClient,Microsoft.Xrm.Tooling.Dmt.DataMigCommon.DataModel.Schema.entitiesEntity)">
            <summary>
            Tries to preload data for working with this entity.
            </summary>
            <param name="crmSvc"></param>
            <param name="dataEntity"></param>
            <returns></returns>
        </member>
        <member name="M:Microsoft.Xrm.Tooling.Dmt.ImportProcessor.DataInteraction.ImportCrmEntityActions.CheckAndRetrieveRecordId(Microsoft.Xrm.Tooling.Connector.CrmServiceClient,Microsoft.Xrm.Tooling.Dmt.ImportProcessor.DataInteraction.InsertRecordData)">
            <summary>
            Determine if this record already exists by Primary name and any related comparison keys.
            </summary>
            <param name="crmSvc"></param>
            <param name="inrecord"></param>
            <returns></returns>
        </member>
        <member name="M:Microsoft.Xrm.Tooling.Dmt.ImportProcessor.DataInteraction.ImportCrmEntityActions.ProcessUpdateEntityPass(Microsoft.Xrm.Tooling.Dmt.DataMigCommon.DataModel.Schema.entitiesEntity,System.Collections.Generic.List{Microsoft.Xrm.Tooling.Dmt.DataMigCommon.DataInteraction.ReprocessDataRecords})">
            <summary>
            This will run updates against the entities that should be able to be updated now,
            </summary>
            <param name="ent"></param>
            <param name="recs"></param>
        </member>
        <member name="M:Microsoft.Xrm.Tooling.Dmt.ImportProcessor.DataInteraction.ImportCrmEntityActions.GenerateUpdateFieldsFromImportData(Microsoft.Xrm.Tooling.Dmt.DataMigCommon.DataModel.Schema.entitiesEntity,Microsoft.Xrm.Tooling.Dmt.DataMigCommon.DataInteraction.ReprocessDataRecords,System.Collections.Generic.List{Microsoft.Xrm.Tooling.Dmt.DataMigCommon.DataInteraction.ReprocessFieldItem})">
            <summary>
            Generate update data wrapper
            </summary>
            <param name="ent"></param>
            <param name="rowtoworkwith"></param>
            <param name="updateRecords"></param>
            <returns></returns>
        </member>
        <member name="M:Microsoft.Xrm.Tooling.Dmt.ImportProcessor.DataInteraction.ImportCrmEntityActions.UpdateToCrm(Microsoft.Xrm.Tooling.Connector.CrmServiceClient,Microsoft.Xrm.Tooling.Dmt.ImportProcessor.DataInteraction.UpdateRecordData,System.Guid)">
            <summary>
            Execute an update to CRM here.
            </summary>
            <param name="crmSvc"></param>
            <param name="recUpdate"></param>
            <param name="batchId"></param>
            <returns></returns>
        </member>
        <member name="M:Microsoft.Xrm.Tooling.Dmt.ImportProcessor.DataInteraction.ImportCrmEntityActions.SetCallerId(Microsoft.Xrm.Tooling.Connector.CrmServiceClient,System.Guid)">
            <summary>
            Assigning CallerId to Proxy
            </summary>
            <param name="crmSvc"></param>
            <param name="callerID"></param>
            <returns></returns>
        </member>
        <member name="M:Microsoft.Xrm.Tooling.Dmt.ImportProcessor.DataInteraction.ImportCrmEntityActions.SaveManyToManyRelationshipData(Microsoft.Xrm.Tooling.Connector.CrmServiceClient,Microsoft.Xrm.Tooling.Dmt.ImportProcessor.DataInteraction.UpdateRelationData)">
            <summary>
            Saves the many to many relationship data.
            </summary>
            <param name="crmSvc">CRM Service Connection</param>
            <param name="recM2M">recM2M</param>
        </member>
        <member name="M:Microsoft.Xrm.Tooling.Dmt.ImportProcessor.DataInteraction.ImportCrmEntityActions.LookupRelatedLinkedRecordbyIdFromCRM(Microsoft.Xrm.Tooling.Connector.CrmServiceClient,Microsoft.Xrm.Tooling.Dmt.DataMigCommon.DataModel.Data.entitiesEntityM2mrelationship,System.Guid)">
            <summary>
             Last ditch try to find a record in CRM for the M2M connection
            </summary>
            <param name="crmConnection"></param>
            <param name="entitiesEntityM2mrelationship"></param>
            <param name="OldRecId"></param>
            <returns></returns>
        </member>
        <member name="M:Microsoft.Xrm.Tooling.Dmt.ImportProcessor.DataInteraction.ImportCrmEntityActions.IsRecordsAssoicated(Microsoft.Xrm.Tooling.Connector.CrmServiceClient,System.Guid,System.String,System.String,System.Guid,System.String,System.String,System.String,System.Boolean)">
            <summary>
            Checks to determine if the 2 entities are already related via that ID.
            </summary>
            <param name="crmConnection"></param>
            <param name="recordid1"></param>
            <param name="entityName"></param>
            <param name="primaryIdFldName"></param>
            <param name="recordid2"></param>
            <param name="entityname2"></param>
            <param name="primaryIdFldName2"></param>
            <param name="relationshipName"></param>
            <param name="isReflexive"></param>
            <returns></returns>
        </member>
        <member name="M:Microsoft.Xrm.Tooling.Dmt.ImportProcessor.DataInteraction.ImportCrmEntityActions.GenerateFieldsFromImportData(Microsoft.Xrm.Tooling.Connector.CrmServiceClient,Microsoft.Xrm.Tooling.Dmt.DataMigCommon.DataModel.Schema.entitiesEntity,Microsoft.Xrm.Tooling.Dmt.DataMigCommon.DataModel.Data.entitiesEntityRecord)">
            <summary>
            Generate Fields for CRM import.
            </summary>
            <param name="svcConn">connection to use for this work</param>
            <param name="schemaEntity"></param>
            <param name="record"></param>
            <returns></returns>
        </member>
        <member name="M:Microsoft.Xrm.Tooling.Dmt.ImportProcessor.DataInteraction.ImportCrmEntityActions.AddToReprocessList(Microsoft.Xrm.Tooling.Dmt.DataMigCommon.DataModel.Data.entitiesEntityRecord,Microsoft.Xrm.Tooling.Dmt.DataMigCommon.DataModel.Data.entitiesEntityRecordField,Microsoft.Xrm.Tooling.Dmt.DataMigCommon.DataInteraction.RecordReprocessReason,Microsoft.Xrm.Tooling.Dmt.DataMigCommon.DataInteraction.FieldReprocessAction)">
            <summary>
            Adds a record to the reprocess list for the update pass.
            </summary>
            <param name="record"></param>
            <param name="field"></param>
            <param name="code"></param>
            <param name="fldActionCode"></param>
        </member>
        <member name="M:Microsoft.Xrm.Tooling.Dmt.ImportProcessor.DataInteraction.ImportCrmEntityActions.GetCrmDataTypeWrapperFromValue(Microsoft.Xrm.Tooling.Connector.CrmServiceClient,Microsoft.Xrm.Tooling.Dmt.DataMigCommon.DataModel.Data.entitiesEntityRecordField,Microsoft.Xrm.Tooling.Dmt.DataMigCommon.DataModel.Schema.entitiesEntity,Microsoft.Xrm.Tooling.Dmt.DataMigCommon.DataInteraction.RecordReprocessReason@,System.Boolean@)">
            <summary>
            Gets the CRM data type wrapper from value.
            </summary>
            <param name="svcConn">Connection to use when talking to instance. </param>
            <param name="dataField">The data field.</param>
            <param name="schemaEntity">The schema entity.</param>
            <param name="code"></param>
            <param name="firstOccuranceForRecord">if true, its the first time this record was seen and a reprocess was requested.</param>
            <returns></returns>
        </member>
        <member name="M:Microsoft.Xrm.Tooling.Dmt.ImportProcessor.DataInteraction.ImportCrmEntityActions.GenerateActivityPartyCollectionRawStructure(Microsoft.Xrm.Tooling.Dmt.DataMigCommon.DataModel.Data.entitiesEntityRecordField,Microsoft.Xrm.Tooling.Dmt.DataMigCommon.DataModel.Schema.entitiesEntity)">
            <summary>
            Builds up an entity collection object for activity pointers.
            </summary>
            <param name="dataField"></param>
            <param name="schemaEntity"></param>
            <returns></returns>
        </member>
        <member name="M:Microsoft.Xrm.Tooling.Dmt.ImportProcessor.DataInteraction.ImportCrmEntityActions.UpdateCacheMapsOnInsert(System.String,System.String,System.Guid)">
            <summary>
            Checks the in memory lookup not loaded cache and updates it accordingly..
            </summary>
            <param name="entityName"></param>
            <param name="lookupEntityName"></param>
            <param name="id"></param>
        </member>
        <member name="M:Microsoft.Xrm.Tooling.Dmt.ImportProcessor.DataInteraction.ImportCrmEntityActions.UpdateCacheMapForAutoCreatedRecordTypes(System.String,System.String,System.Guid)">
            <summary>
            Update CacheMap for auto created objects..
            this is primary to support Business Units auto creating teams. but can be expanded in the future.
            </summary>
            <param name="entityName">Entity Name to lookup</param>
            <param name="OldId">Old Entity ID</param>
            <param name="newId">New Entity ID</param>
        </member>
        <member name="M:Microsoft.Xrm.Tooling.Dmt.ImportProcessor.DataInteraction.ImportCrmEntityActions.FindEntity(Microsoft.Xrm.Tooling.Connector.CrmServiceClient,Microsoft.Xrm.Tooling.Dmt.DataMigCommon.DataModel.Data.entitiesEntityRecordField,Microsoft.Xrm.Tooling.Dmt.DataMigCommon.DataModel.Schema.entitiesEntity,Microsoft.Xrm.Tooling.Dmt.DataMigCommon.DataInteraction.RecordReprocessReason@,System.Boolean@)">
            <summary>
            Finds the entity
            Only Called for Lookups.
            </summary>
            <param name="svcConn">Connection to use to talk to instance</param>
            <param name="dataField"></param>
            <param name="schemaEntity"></param>
            <param name="code"></param>
            <param name="firstOccuranceForRecord"></param>
            <returns></returns>
        </member>
        <member name="M:Microsoft.Xrm.Tooling.Dmt.ImportProcessor.DataInteraction.ImportCrmEntityActions.LookupCustomerOrLookupFieldInCRM(Microsoft.Xrm.Tooling.Connector.CrmServiceClient,Microsoft.Xrm.Tooling.Dmt.DataMigCommon.DataModel.Data.entitiesEntityRecordField,System.String)">
            <summary>
            Lookup a support Link CRM
            </summary>
            <param name="svcConn">Connection to use when talking to Instance</param>
            <param name="dataField"></param>
            <param name="cacheKey"></param>
            <returns></returns>
        </member>
        <member name="M:Microsoft.Xrm.Tooling.Dmt.ImportProcessor.DataInteraction.ImportCrmEntityActions.GetOperatingUsersBusinessUnitId(Microsoft.Xrm.Tooling.Connector.CrmServiceClient)">
            <summary>
            Gets the current users Business ID and populates the rest of the ID data if necessary.
            </summary>
            <param name="svcConn">Connection to use when talking to the instance</param>
            <returns></returns>
        </member>
        <member name="M:Microsoft.Xrm.Tooling.Dmt.ImportProcessor.DataInteraction.ImportCrmEntityActions.UpdateProgress(Microsoft.Xrm.Tooling.Dmt.DataMigCommon.Utility.ProgressItemEventArgs,System.String,Microsoft.Xrm.Tooling.Dmt.DataMigCommon.Utility.ProgressItemStatus)">
            <summary>
            Updates a Progress Item.
            </summary>
            <param name="progressArgs"></param>
            <param name="text"></param>
            <param name="status"></param>
        </member>
        <member name="M:Microsoft.Xrm.Tooling.Dmt.ImportProcessor.DataInteraction.ImportCrmEntityActions.AddProgressItem(System.String,Microsoft.Xrm.Tooling.Dmt.DataMigCommon.Utility.ProgressItemStatus)">
            <summary>
            Adds a new progres item to the UI.
            </summary>
            <param name="text"></param>
            <param name="status"></param>
            <returns></returns>
        </member>
        <member name="T:Microsoft.Xrm.Tooling.Dmt.ImportProcessor.DataInteraction.EntityImportDetails">
            <summary>
            Describes the Details of the Entity Imported.
            </summary>
        </member>
        <member name="P:Microsoft.Xrm.Tooling.Dmt.ImportProcessor.DataInteraction.EntityImportDetails.IsUpdate">
            <summary>
            Returns Whether the EntityImportDetails is update or not
            </summary>
        </member>
        <member name="P:Microsoft.Xrm.Tooling.Dmt.ImportProcessor.DataInteraction.EntityImportDetails.EntityName">
            <summary>
            Entity Name
            </summary>
        </member>
        <member name="P:Microsoft.Xrm.Tooling.Dmt.ImportProcessor.DataInteraction.EntityImportDetails.EntityLogicalname">
            <summary>
            Entity Logical Name
            </summary>
        </member>
        <member name="P:Microsoft.Xrm.Tooling.Dmt.ImportProcessor.DataInteraction.EntityImportDetails.Complete">
            <summary>
            Returns true if Complete else false
            </summary>
        </member>
        <member name="P:Microsoft.Xrm.Tooling.Dmt.ImportProcessor.DataInteraction.EntityImportDetails.Success">
            <summary>
            returns whether the Entity Import was Success or not
            </summary>
        </member>
        <member name="P:Microsoft.Xrm.Tooling.Dmt.ImportProcessor.DataInteraction.EntityImportDetails.RecordCountImported">
            <summary>
            Record count imported
            </summary>
        </member>
        <member name="P:Microsoft.Xrm.Tooling.Dmt.ImportProcessor.DataInteraction.EntityImportDetails.RecordCountTotal">
            <summary>
            Total Record Count
            </summary>
        </member>
        <member name="P:Microsoft.Xrm.Tooling.Dmt.ImportProcessor.DataInteraction.EntityImportDetails.RecordCountFailedImport">
            <summary>
            Count of Records that failed to import
            </summary>
        </member>
        <member name="T:Microsoft.Xrm.Tooling.Dmt.ImportProcessor.DataInteraction.EntityImportReprocessDetails">
            <summary>
            Describes a single record to reprocess.
            </summary>
        </member>
        <member name="P:Microsoft.Xrm.Tooling.Dmt.ImportProcessor.DataInteraction.EntityImportReprocessDetails.EntityName">
            <summary>
            Entity Name
            </summary>
        </member>
        <member name="P:Microsoft.Xrm.Tooling.Dmt.ImportProcessor.DataInteraction.EntityImportReprocessDetails.EntityLogicalname">
            <summary>
            EntityLogicalName
            </summary>
        </member>
        <member name="P:Microsoft.Xrm.Tooling.Dmt.ImportProcessor.DataInteraction.EntityImportReprocessDetails.ItemsToReprocess">
            <summary>
            List of Items to Reprocess
            </summary>
        </member>
        <member name="T:Microsoft.Xrm.Tooling.Dmt.ImportProcessor.DataInteraction.ImportCrmDataHandler">
            <summary>
            This class will provide Import handler and methods to the Data Migration utility.
            </summary>
        </member>
        <member name="F:Microsoft.Xrm.Tooling.Dmt.ImportProcessor.DataInteraction.ImportCrmDataHandler.ReprocessingList">
            <summary>
            List of items to reprocess by Entity.
            </summary>
        </member>
        <member name="F:Microsoft.Xrm.Tooling.Dmt.ImportProcessor.DataInteraction.ImportCrmDataHandler.schemaObject">
            <summary>
            This DeSeralized Schema object. 
            </summary>
        </member>
        <member name="F:Microsoft.Xrm.Tooling.Dmt.ImportProcessor.DataInteraction.ImportCrmDataHandler._lockObject">
            <summary>
            Lookup Keys Lock Object. 
            </summary>
        </member>
        <member name="F:Microsoft.Xrm.Tooling.Dmt.ImportProcessor.DataInteraction.ImportCrmDataHandler.lookupKeys">
            <summary>
            Lookup keys for this import. 
            </summary>
        </member>
        <member name="F:Microsoft.Xrm.Tooling.Dmt.ImportProcessor.DataInteraction.ImportCrmDataHandler._importConnections">
            <summary>
            Array of Import connections
            </summary>
        </member>
        <member name="F:Microsoft.Xrm.Tooling.Dmt.ImportProcessor.DataInteraction.ImportCrmDataHandler.importResultsLog">
            <summary>
            Contains the log of the import process that would be displayed to the user and or utilized as part of the Output log. 
            </summary>
        </member>
        <member name="F:Microsoft.Xrm.Tooling.Dmt.ImportProcessor.DataInteraction.ImportCrmDataHandler._crmConnection">
            <summary>
            Internal management connection to CRM 
            </summary>
        </member>
        <member name="F:Microsoft.Xrm.Tooling.Dmt.ImportProcessor.DataInteraction.ImportCrmDataHandler.ImportAffectedPlugins">
            <summary>
            List of Plugins that are to be worked for this deployment 
            </summary>
        </member>
        <member name="F:Microsoft.Xrm.Tooling.Dmt.ImportProcessor.DataInteraction.ImportCrmDataHandler._dataTimestamp">
            <summary>
            The date &amp; time the data was exported.
            </summary>
        </member>
        <member name="F:Microsoft.Xrm.Tooling.Dmt.ImportProcessor.DataInteraction.ImportCrmDataHandler._importTimestamp">
            <summary>
            The date &amp; time of the data import.
            </summary>
        </member>
        <member name="F:Microsoft.Xrm.Tooling.Dmt.ImportProcessor.DataInteraction.ImportCrmDataHandler._userMap">
            <summary>
            user Map
            </summary>
        </member>
        <member name="F:Microsoft.Xrm.Tooling.Dmt.ImportProcessor.DataInteraction.ImportCrmDataHandler._enabledBatchMode">
            <summary>
            Enabled or Disabled the use of BatchMode during the first pass deployment
            </summary>
        </member>
        <member name="F:Microsoft.Xrm.Tooling.Dmt.ImportProcessor.DataInteraction.ImportCrmDataHandler._requestedBatchSize">
            <summary>
            Requested batch size, this is the max batch size 
            </summary>
        </member>
        <member name="F:Microsoft.Xrm.Tooling.Dmt.ImportProcessor.DataInteraction.ImportCrmDataHandler._prefetchRecordLimitSize">
            <summary>
            Requested Max Count of Records to support a prefetch operation for Preprocess
            </summary>
        </member>
        <member name="P:Microsoft.Xrm.Tooling.Dmt.ImportProcessor.DataInteraction.ImportCrmDataHandler.ImportEntityObjectCount">
            <summary>
            gets the number of entities in the schema objec.t 
            </summary>
        </member>
        <member name="P:Microsoft.Xrm.Tooling.Dmt.ImportProcessor.DataInteraction.ImportCrmDataHandler.ImportLog">
            <summary>
            Returns the Log of the current import. 
            </summary>
        </member>
        <member name="P:Microsoft.Xrm.Tooling.Dmt.ImportProcessor.DataInteraction.ImportCrmDataHandler.Logger">
            <summary>
            Logger for this class. 
            </summary>
        </member>
        <member name="P:Microsoft.Xrm.Tooling.Dmt.ImportProcessor.DataInteraction.ImportCrmDataHandler.ImportConnections">
            <summary>
            Array of Import connections. 
            </summary>
        </member>
        <member name="P:Microsoft.Xrm.Tooling.Dmt.ImportProcessor.DataInteraction.ImportCrmDataHandler.UserMap">
            <summary>
            Sets or gets the User Map. 
            </summary>
        </member>
        <member name="P:Microsoft.Xrm.Tooling.Dmt.ImportProcessor.DataInteraction.ImportCrmDataHandler.OverrideDateMode">
            <summary>
            Overrides the dateMode of date fields during import.
            </summary>
        </member>
        <member name="P:Microsoft.Xrm.Tooling.Dmt.ImportProcessor.DataInteraction.ImportCrmDataHandler.OverrideDataTimestamp">
            <summary>
            Overrides the timestamp stored in the exported data.
            </summary>
        </member>
        <member name="P:Microsoft.Xrm.Tooling.Dmt.ImportProcessor.DataInteraction.ImportCrmDataHandler.CrmConnection">
            <summary>
            Management Connection to CRM
            </summary>
        </member>
        <member name="P:Microsoft.Xrm.Tooling.Dmt.ImportProcessor.DataInteraction.ImportCrmDataHandler.ControlDispatcher">
            <summary>
            Control Dispatcher from the UI. 
            </summary>
        </member>
        <member name="P:Microsoft.Xrm.Tooling.Dmt.ImportProcessor.DataInteraction.ImportCrmDataHandler.OverrideDataImportSafetyChecks">
            <summary>
            Used to determine if the system should override the safety checks used during record import. 
            this can speed up data import at the risk of duplicating data. 
            </summary>
        </member>
        <member name="P:Microsoft.Xrm.Tooling.Dmt.ImportProcessor.DataInteraction.ImportCrmDataHandler.EnabledBatchMode">
            <summary>
            If true, Enabled batch mode for import operations.  
            Defaults to false. 
            </summary>
        </member>
        <member name="P:Microsoft.Xrm.Tooling.Dmt.ImportProcessor.DataInteraction.ImportCrmDataHandler.RequestedBatchSize">
            <summary>
            Size of batch to use.  defaults to 600. 
            </summary>
        </member>
        <member name="P:Microsoft.Xrm.Tooling.Dmt.ImportProcessor.DataInteraction.ImportCrmDataHandler.PrefetchRecordLimitSize">
            <summary>
            If Set, Overrides default limits for prefetch of records for PerEntity Preprocess operation.  default is 10000
            </summary>
        </member>
        <member name="E:Microsoft.Xrm.Tooling.Dmt.ImportProcessor.DataInteraction.ImportCrmDataHandler.AddNewProgressItem">
            <summary>
            Raised when progress is added. 
            </summary>
        </member>
        <member name="E:Microsoft.Xrm.Tooling.Dmt.ImportProcessor.DataInteraction.ImportCrmDataHandler.UpdateProgressItem">
            <summary>
            Raised when a progress item is updated
            </summary>
        </member>
        <member name="E:Microsoft.Xrm.Tooling.Dmt.ImportProcessor.DataInteraction.ImportCrmDataHandler.UserMappingRequired">
            <summary>
            This event is raised when a user mapping activity is required. 
            </summary>
        </member>
        <member name="M:Microsoft.Xrm.Tooling.Dmt.ImportProcessor.DataInteraction.ImportCrmDataHandler.#ctor">
            <summary>
            Setup default environment. 
            </summary>
        </member>
        <member name="M:Microsoft.Xrm.Tooling.Dmt.ImportProcessor.DataInteraction.ImportCrmDataHandler.Finalize">
            <summary>
            Clean up unmanaged Resources. 
            </summary>
        </member>
        <member name="M:Microsoft.Xrm.Tooling.Dmt.ImportProcessor.DataInteraction.ImportCrmDataHandler.ForceTerminateImport">
            <summary>
            Forces the import to exit. 
            </summary>
        </member>
        <member name="M:Microsoft.Xrm.Tooling.Dmt.ImportProcessor.DataInteraction.ImportCrmDataHandler.CrackZipFileAndCheckContents(System.String,System.String,System.String@)">
            <summary>
            This method will open up the data file and see what's in it. 
            </summary>
            <returns>True if the File is ready to read</returns>
        </member>
        <member name="M:Microsoft.Xrm.Tooling.Dmt.ImportProcessor.DataInteraction.ImportCrmDataHandler.CrackZipFileAndCheckContents(System.String,System.String,System.String@,System.Exception@)">
            <summary>
            This method will open up the data file and see what's in it. 
            </summary>
            <returns>True if the File is ready to read</returns>
        </member>
        <member name="M:Microsoft.Xrm.Tooling.Dmt.ImportProcessor.DataInteraction.ImportCrmDataHandler.DeleteTempDirectory(System.String)">
            <summary>
            Deletes the temp Directory used for Importing data. 
            </summary>
            <param name="workingImportFolder"></param>
            <returns></returns>
        </member>
        <member name="M:Microsoft.Xrm.Tooling.Dmt.ImportProcessor.DataInteraction.ImportCrmDataHandler.ValidateSchemaFile(System.String)">
            <summary>
            This method is used to validate the schema file selected for Import 
            </summary>
            <param name="workingImportFolder"></param>
            <returns></returns>
        </member>
        <member name="M:Microsoft.Xrm.Tooling.Dmt.ImportProcessor.DataInteraction.ImportCrmDataHandler.InspectAndCreatePluginMap">
            <summary>
            This will read the schema looking for which entities are set to disable plug-in. 
            </summary>
        </member>
        <member name="M:Microsoft.Xrm.Tooling.Dmt.ImportProcessor.DataInteraction.ImportCrmDataHandler.EnableDisablePluginsOnEntitys(System.Boolean)">
            <summary>
            Take a snapshot of existing plug-in and create a list of plug-in to reactivate. 
            </summary>
            <returns></returns>
        </member>
        <member name="M:Microsoft.Xrm.Tooling.Dmt.ImportProcessor.DataInteraction.ImportCrmDataHandler.ImportDataToCrm(System.String,System.Boolean,Microsoft.PowerPlatform.Tooling.BatchedTelemetry.IAppTelemetryClient)">
            <summary>
            Writes the data.
            </summary>
            <param name="dataDirectoryName">data Directory Name.</param>
            <param name="deleteBeforeAdd">Whether delete Before Add</param>
            <param name="telemetry">Tracking telemetry</param>
            <returns>bool</returns>
        </member>
        <member name="M:Microsoft.Xrm.Tooling.Dmt.ImportProcessor.DataInteraction.ImportCrmDataHandler.ImportDataToCrm(System.String,System.Boolean)">
            <summary>
            Writes the data.
            </summary>
            <param name="dataDirectoryName">data Directory Name.</param>
            <param name="deleteBeforeAdd">Whether delete Before Add</param>
            <returns>bool</returns>
        </member>
        <member name="M:Microsoft.Xrm.Tooling.Dmt.ImportProcessor.DataInteraction.ImportCrmDataHandler.InitializeDefaultOptionSetValuesForSchema(Microsoft.Xrm.Tooling.Dmt.DataMigCommon.Utility.SchemaValidator)">
            <summary>
            Adds default picklist values to importing schema object. 
            </summary>
            <param name="schmValidator"></param>
        </member>
        <member name="M:Microsoft.Xrm.Tooling.Dmt.ImportProcessor.DataInteraction.ImportCrmDataHandler.LoadEntityProcessingList(Microsoft.Xrm.Tooling.Dmt.DataMigCommon.Utility.SchemaValidator,System.Collections.Generic.IEnumerable{System.String},System.Collections.Generic.IEnumerable{System.String})">
            <summary>
            Loads the entity Processing List. 
            </summary>
            <param name="schmValidator"></param>
            <param name="entitesToInspect"></param>
            <param name="forceEntityImportOrder"></param>
        </member>
        <member name="M:Microsoft.Xrm.Tooling.Dmt.ImportProcessor.DataInteraction.ImportCrmDataHandler.VaildateSchemaProcess(Microsoft.Xrm.Tooling.Dmt.DataMigCommon.Utility.ProgressItemEventArgs,Microsoft.Xrm.Tooling.Dmt.DataMigCommon.Utility.SchemaValidator@,System.Collections.Generic.IEnumerable{System.String}@)">
            <summary>
            Validate Schemas
            </summary>
            <param name="globalStatus"></param>
            <param name="schmValidator"></param>
            <param name="entitesToInspect"></param>
            <returns></returns>
        </member>
        <member name="M:Microsoft.Xrm.Tooling.Dmt.ImportProcessor.DataInteraction.ImportCrmDataHandler.InitializeTimestamps">
            <summary>
            Initialize import timestamp and export timestamp
            </summary>
        </member>
        <member name="M:Microsoft.Xrm.Tooling.Dmt.ImportProcessor.DataInteraction.ImportCrmDataHandler.ImportPreProcessor(System.String)">
            <summary>
            PreProcess and check for Objects
            </summary>
            <param name="dataDirectoryName"></param>
            <returns></returns>
        </member>
        <member name="M:Microsoft.Xrm.Tooling.Dmt.ImportProcessor.DataInteraction.ImportCrmDataHandler.UpdateIntersectNames(Microsoft.Xrm.Tooling.Dmt.DataMigCommon.Utility.SchemaValidator)">
            <summary>
            Fixes Intersect names for N:N tables. 
            </summary>
            <param name="schmValidator"></param>
        </member>
        <member name="M:Microsoft.Xrm.Tooling.Dmt.ImportProcessor.DataInteraction.ImportCrmDataHandler.ForceOrderOfSomeEntities(System.Collections.Generic.List{System.String})">
            <summary>
            Adds entities to the queue in the order that they are specified in the inbound list. 
            </summary>
            <param name="entitiesToAddInOrder"></param>
        </member>
        <member name="M:Microsoft.Xrm.Tooling.Dmt.ImportProcessor.DataInteraction.ImportCrmDataHandler.ForceExcludeEntityFromImport(Microsoft.Xrm.Tooling.Dmt.DataMigCommon.DataModel.Data.entitiesEntity)">
            <summary>
            Used to remove an entity from the import if its from an older import file, or Manually Entered. 
            </summary>
            <param name="entity"></param>
            <returns></returns>
        </member>
        <member name="M:Microsoft.Xrm.Tooling.Dmt.ImportProcessor.DataInteraction.ImportCrmDataHandler.ProcessEntities(System.Object)">
            <summary>
            Begin Processing Data.
            </summary>
            <param name="oData"></param>
        </member>
        <member name="M:Microsoft.Xrm.Tooling.Dmt.ImportProcessor.DataInteraction.ImportCrmDataHandler.impEntity_UpdateProgressItem(System.Object,Microsoft.Xrm.Tooling.Dmt.DataMigCommon.Utility.ProgressItemEventArgs)">
            <summary>
            Update a progress Item in the UI. 
            </summary>
            <param name="sender"></param>
            <param name="e"></param>
        </member>
        <member name="M:Microsoft.Xrm.Tooling.Dmt.ImportProcessor.DataInteraction.ImportCrmDataHandler.impEntity_AddNewProgressItem(System.Object,Microsoft.Xrm.Tooling.Dmt.DataMigCommon.Utility.ProgressItemEventArgs)">
            <summary>
            Add a new progress Item to the UI. 
            </summary>
            <param name="sender"></param>
            <param name="e"></param>
        </member>
        <member name="M:Microsoft.Xrm.Tooling.Dmt.ImportProcessor.DataInteraction.ImportCrmDataHandler.GetRelatedEntityName(Microsoft.Xrm.Tooling.Dmt.DataMigCommon.DataModel.Data.entitiesEntityRelationship,Microsoft.Xrm.Tooling.Dmt.DataMigCommon.DataModel.Schema.entitiesEntity)">
            <summary>
            Gets the name of the related entity.
            </summary>
            <param name="relationship">The relationship.</param>
            <param name="schemaEntity">The schema entity.</param>
            <returns></returns>
        </member>
        <member name="M:Microsoft.Xrm.Tooling.Dmt.ImportProcessor.DataInteraction.ImportCrmDataHandler.GetRelatedEntityField(Microsoft.Xrm.Tooling.Dmt.DataMigCommon.DataModel.Data.entitiesEntityRelationshipRecord,System.String)">
            <summary>
            Gets the related entity field.
            </summary>
            <param name="record">The record.</param>
            <param name="relatedEntityName">Name of the related entity.</param>
            <returns></returns>
        </member>
        <member name="M:Microsoft.Xrm.Tooling.Dmt.ImportProcessor.DataInteraction.ImportCrmDataHandler.FindNewId(System.String,System.String,Microsoft.Xrm.Tooling.Dmt.DataMigCommon.DataModel.Data.entitiesEntityRelationshipRecord)">
            <summary>
            Finds the new id.
            </summary>
            <param name="entityName">Name of the entity.</param>
            <param name="recordId">The record id.</param>
            <param name="record">The record.</param>
            <returns></returns>
        </member>
        <member name="M:Microsoft.Xrm.Tooling.Dmt.ImportProcessor.DataInteraction.ImportCrmDataHandler.UpdateProgress(Microsoft.Xrm.Tooling.Dmt.DataMigCommon.Utility.ProgressItemEventArgs,System.String,Microsoft.Xrm.Tooling.Dmt.DataMigCommon.Utility.ProgressItemStatus)">
            <summary>
            Updates a Progress Item. 
            </summary>
            <param name="progressArgs"></param>
            <param name="text"></param>
            <param name="status"></param>
        </member>
        <member name="M:Microsoft.Xrm.Tooling.Dmt.ImportProcessor.DataInteraction.ImportCrmDataHandler.AddProgressItem(System.String,Microsoft.Xrm.Tooling.Dmt.DataMigCommon.Utility.ProgressItemStatus)">
            <summary>
            Adds a new progress item to the UI. 
            </summary>
            <param name="text"></param>
            <param name="status"></param>
            <returns></returns>
        </member>
        <member name="T:Microsoft.Xrm.Tooling.Dmt.ImportProcessor.DataInteraction.InsertRecordData">
            <summary>
            InsertRecordData Class
            </summary>
        </member>
        <member name="P:Microsoft.Xrm.Tooling.Dmt.ImportProcessor.DataInteraction.InsertRecordData.threadConnectionNumber">
            <summary>
            Thread Connection Number
            </summary>
        </member>
        <member name="P:Microsoft.Xrm.Tooling.Dmt.ImportProcessor.DataInteraction.InsertRecordData.datarecord">
            <summary>
            Data Record
            </summary>
        </member>
        <member name="P:Microsoft.Xrm.Tooling.Dmt.ImportProcessor.DataInteraction.InsertRecordData.dataEntity">
            <summary>
            Data Entity
            </summary>
        </member>
        <member name="P:Microsoft.Xrm.Tooling.Dmt.ImportProcessor.DataInteraction.InsertRecordData.dataSet">
            <summary>
            Dictionary of CRM Data
            </summary>
        </member>
        <member name="T:Microsoft.Xrm.Tooling.Dmt.ImportProcessor.DataInteraction.UpdateRecordData">
            <summary>
            Update Record Data Class
            </summary>
        </member>
        <member name="P:Microsoft.Xrm.Tooling.Dmt.ImportProcessor.DataInteraction.UpdateRecordData.threadConnectionNumber">
            <summary>
            Thread Connection Number
            </summary>
        </member>
        <member name="P:Microsoft.Xrm.Tooling.Dmt.ImportProcessor.DataInteraction.UpdateRecordData.entLogicalName">
            <summary>
            Entity Logical Name
            </summary>
        </member>
        <member name="P:Microsoft.Xrm.Tooling.Dmt.ImportProcessor.DataInteraction.UpdateRecordData.entDisplayName">
            <summary>
            Entity Display Name
            </summary>
        </member>
        <member name="P:Microsoft.Xrm.Tooling.Dmt.ImportProcessor.DataInteraction.UpdateRecordData.entPrimaryIdFieldName">
            <summary>
            Entity Primary Id Field Name
            </summary>
        </member>
        <member name="P:Microsoft.Xrm.Tooling.Dmt.ImportProcessor.DataInteraction.UpdateRecordData.guRowId">
            <summary>
            Guid Row Id
            </summary>
        </member>
        <member name="P:Microsoft.Xrm.Tooling.Dmt.ImportProcessor.DataInteraction.UpdateRecordData.dataSet">
            <summary>
            Dictionary of CRM Data
            </summary>
        </member>
        <member name="T:Microsoft.Xrm.Tooling.Dmt.ImportProcessor.DataInteraction.UpdateRelationData">
            <summary>
            Update Relation Data
            </summary>
        </member>
        <member name="P:Microsoft.Xrm.Tooling.Dmt.ImportProcessor.DataInteraction.UpdateRelationData.threadConnectionNumber">
            <summary>
            Thread Connection Number
            </summary>
        </member>
        <member name="P:Microsoft.Xrm.Tooling.Dmt.ImportProcessor.DataInteraction.UpdateRelationData.datarecord">
            <summary>
            Data Record
            </summary>
        </member>
        <member name="P:Microsoft.Xrm.Tooling.Dmt.ImportProcessor.DataInteraction.UpdateRelationData.newEntityRowId">
            <summary>
            New Entity Row Id
            </summary>
        </member>
        <member name="P:Microsoft.Xrm.Tooling.Dmt.ImportProcessor.DataInteraction.UpdateRelationData.dataEntity">
            <summary>
            Data Entity
            </summary>
        </member>
        <member name="T:Microsoft.Xrm.Tooling.Dmt.ImportProcessor.DataInteraction.ImportResultsLogEntry">
            <summary>
            Import Results Log Entry Class
            </summary>
        </member>
        <member name="F:Microsoft.Xrm.Tooling.Dmt.ImportProcessor.DataInteraction.ImportResultsLogEntry._entityName">
            <remarks/>
        </member>
        <member name="F:Microsoft.Xrm.Tooling.Dmt.ImportProcessor.DataInteraction.ImportResultsLogEntry._action">
            <remarks/>
        </member>
        <member name="F:Microsoft.Xrm.Tooling.Dmt.ImportProcessor.DataInteraction.ImportResultsLogEntry._textdata">
            <remarks/>
        </member>
        <member name="F:Microsoft.Xrm.Tooling.Dmt.ImportProcessor.DataInteraction.ImportResultsLogEntry._success">
            <remarks/>
        </member>
        <member name="F:Microsoft.Xrm.Tooling.Dmt.ImportProcessor.DataInteraction.ImportResultsLogEntry._timeOfoccurance">
            <remarks/>
        </member>
        <member name="P:Microsoft.Xrm.Tooling.Dmt.ImportProcessor.DataInteraction.ImportResultsLogEntry.EntityName">
            <summary>
            Name of the entity
            </summary>
        </member>
        <member name="P:Microsoft.Xrm.Tooling.Dmt.ImportProcessor.DataInteraction.ImportResultsLogEntry.Action">
            <summary>
            Action being preformed 
            </summary>
        </member>
        <member name="P:Microsoft.Xrm.Tooling.Dmt.ImportProcessor.DataInteraction.ImportResultsLogEntry.LogEntry">
            <summary>
            Text version of the log entry
            </summary>
        </member>
        <member name="P:Microsoft.Xrm.Tooling.Dmt.ImportProcessor.DataInteraction.ImportResultsLogEntry.Success">
            <summary>
            Was this section a success
            </summary>
        </member>
        <member name="P:Microsoft.Xrm.Tooling.Dmt.ImportProcessor.DataInteraction.ImportResultsLogEntry.TimeOfOccurance">
            <summary>
            When did this happen
            </summary>
        </member>
        <member name="E:Microsoft.Xrm.Tooling.Dmt.ImportProcessor.DataInteraction.ImportResultsLogEntry.PropertyChanged">
            <summary>
            Default Event Hook for INotifyPropertyChanged
            </summary>
        </member>
        <member name="T:Microsoft.Xrm.Tooling.Dmt.ImportProcessor.DataInteraction.ImportResultsLog">
            <summary>
            Import Result Log Class
            </summary>
        </member>
        <member name="F:Microsoft.Xrm.Tooling.Dmt.ImportProcessor.DataInteraction.ImportResultsLog._lockObject">
            <remarks/>
        </member>
        <member name="F:Microsoft.Xrm.Tooling.Dmt.ImportProcessor.DataInteraction.ImportResultsLog._entries">
            <remarks/>
        </member>
        <member name="F:Microsoft.Xrm.Tooling.Dmt.ImportProcessor.DataInteraction.ImportResultsLog._logEventName">
            <remarks/>
        </member>
        <member name="F:Microsoft.Xrm.Tooling.Dmt.ImportProcessor.DataInteraction.ImportResultsLog._logHeader">
            <remarks/>
        </member>
        <member name="F:Microsoft.Xrm.Tooling.Dmt.ImportProcessor.DataInteraction.ImportResultsLog._logStart">
            <remarks/>
        </member>
        <member name="F:Microsoft.Xrm.Tooling.Dmt.ImportProcessor.DataInteraction.ImportResultsLog._logEnd">
            <remarks/>
        </member>
        <member name="F:Microsoft.Xrm.Tooling.Dmt.ImportProcessor.DataInteraction.ImportResultsLog.logger">
            <remarks/>
        </member>
        <member name="P:Microsoft.Xrm.Tooling.Dmt.ImportProcessor.DataInteraction.ImportResultsLog.ParentTraceLogger">
            <summary>
            Gets or Sets ParentTraceLogger
            </summary>
        </member>
        <member name="P:Microsoft.Xrm.Tooling.Dmt.ImportProcessor.DataInteraction.ImportResultsLog.Entries">
            <summary>
            Collection of log events for this run 
            </summary>
        </member>
        <member name="P:Microsoft.Xrm.Tooling.Dmt.ImportProcessor.DataInteraction.ImportResultsLog.ErrorEntries">
            <summary>
            Collection of error events for this run 
            </summary>
        </member>
        <member name="P:Microsoft.Xrm.Tooling.Dmt.ImportProcessor.DataInteraction.ImportResultsLog.LogEventName">
            <summary>
            Name of the log event. 
            </summary>
        </member>
        <member name="P:Microsoft.Xrm.Tooling.Dmt.ImportProcessor.DataInteraction.ImportResultsLog.LogStart">
            <summary>
            Start Time of the process.
            </summary>
        </member>
        <member name="P:Microsoft.Xrm.Tooling.Dmt.ImportProcessor.DataInteraction.ImportResultsLog.LogEnd">
            <summary>
            End Time of the process.
            </summary>
        </member>
        <member name="P:Microsoft.Xrm.Tooling.Dmt.ImportProcessor.DataInteraction.ImportResultsLog.LogHeader">
            <summary>
            this is the header block of the log 
            </summary>
        </member>
        <member name="M:Microsoft.Xrm.Tooling.Dmt.ImportProcessor.DataInteraction.ImportResultsLog.AddEntry(System.String,System.String,System.String,System.Boolean,System.Diagnostics.TraceEventType)">
            <summary>
            Add an entry to the running log
            </summary>
            <param name="action"></param>
            <param name="entityName"></param>
            <param name="logEntry"></param>
            <param name="success"></param>
            <param name="traceEventType"></param>
        </member>
        <member name="M:Microsoft.Xrm.Tooling.Dmt.ImportProcessor.DataInteraction.ImportResultsLog.WriteOutLogToFile(System.String,Microsoft.Xrm.Tooling.Dmt.DataMigCommon.Utility.TraceLogger)">
            <summary>
            writes the output file to a fully qualifed file name. 
            </summary>
            <param name="filePath"></param>
            <param name="ErrorLogger"></param>
        </member>
        <member name="E:Microsoft.Xrm.Tooling.Dmt.ImportProcessor.DataInteraction.ImportResultsLog.PropertyChanged">
            <summary>
            Default Event Hook for INotifyPropertyChanged
            </summary>
        </member>
        <member name="T:Microsoft.Xrm.Tooling.Dmt.ImportProcessor.DataInteraction.PluginTypeInfo">
            <summary>
            PluginTypeInfo Class
            </summary>
        </member>
        <member name="F:Microsoft.Xrm.Tooling.Dmt.ImportProcessor.DataInteraction.PluginTypeInfo._assemblyName">
            <summary>
            Name of the Plugin Assembly
            </summary>
        </member>
        <member name="F:Microsoft.Xrm.Tooling.Dmt.ImportProcessor.DataInteraction.PluginTypeInfo._assemblyId">
            <summary>
            ID of the plugin Assembly
            </summary>
        </member>
        <member name="F:Microsoft.Xrm.Tooling.Dmt.ImportProcessor.DataInteraction.PluginTypeInfo._pluginTypeName">
            <summary>
            Name of the Plugin Type. 
            </summary>
        </member>
        <member name="F:Microsoft.Xrm.Tooling.Dmt.ImportProcessor.DataInteraction.PluginTypeInfo._pluginTypeId">
            <summary>
            Plugin Type ID
            </summary>
        </member>
        <member name="F:Microsoft.Xrm.Tooling.Dmt.ImportProcessor.DataInteraction.PluginTypeInfo._sdkSteps">
            <summary>
            lists all the SDK Steps that need to be touched. 
            </summary>
        </member>
        <member name="P:Microsoft.Xrm.Tooling.Dmt.ImportProcessor.DataInteraction.PluginTypeInfo.AssemblyId">
            <summary>
            ID of the Plugin Assembly
            </summary>
        </member>
        <member name="P:Microsoft.Xrm.Tooling.Dmt.ImportProcessor.DataInteraction.PluginTypeInfo.AssemblyName">
            <summary>
            Name of the assembly. 
            </summary>
        </member>
        <member name="P:Microsoft.Xrm.Tooling.Dmt.ImportProcessor.DataInteraction.PluginTypeInfo.PluginName">
            <summary>
            Display Name of the Plugin
            </summary>
        </member>
        <member name="P:Microsoft.Xrm.Tooling.Dmt.ImportProcessor.DataInteraction.PluginTypeInfo.PluginId">
            <summary>
            ID of the plug type
            </summary>
        </member>
        <member name="P:Microsoft.Xrm.Tooling.Dmt.ImportProcessor.DataInteraction.PluginTypeInfo.SdkSteps">
            <summary>
            Collection of SDK Steps for this Plugin. 
            </summary>
        </member>
        <member name="E:Microsoft.Xrm.Tooling.Dmt.ImportProcessor.DataInteraction.PluginTypeInfo.PropertyChanged">
            <summary>
            Default Event Hook for INotifyPropertyChanged
            </summary>
        </member>
        <member name="T:Microsoft.Xrm.Tooling.Dmt.ImportProcessor.DataInteraction.SdkMessageStepInfo">
            <summary>
            SdkMessageStepInfo Class
            </summary>
        </member>
        <member name="F:Microsoft.Xrm.Tooling.Dmt.ImportProcessor.DataInteraction.SdkMessageStepInfo._stepId">
            <summary>
            ID of the step. 
            </summary>
        </member>
        <member name="F:Microsoft.Xrm.Tooling.Dmt.ImportProcessor.DataInteraction.SdkMessageStepInfo._isStepEnabled">
            <summary>
            Enabled / disabled flag of the step 
            </summary>
        </member>
        <member name="F:Microsoft.Xrm.Tooling.Dmt.ImportProcessor.DataInteraction.SdkMessageStepInfo._importSetPluginStateIsEnabled">
            <summary>
            Plugin state set by the importer
            </summary>
        </member>
        <member name="F:Microsoft.Xrm.Tooling.Dmt.ImportProcessor.DataInteraction.SdkMessageStepInfo._affectedEntity">
            <summary>
            Entity that thist step applies too. 
            </summary>
        </member>
        <member name="F:Microsoft.Xrm.Tooling.Dmt.ImportProcessor.DataInteraction.SdkMessageStepInfo._pluginStepName">
            <summary>
            Name of the Plugin Type. 
            </summary>
        </member>
        <member name="P:Microsoft.Xrm.Tooling.Dmt.ImportProcessor.DataInteraction.SdkMessageStepInfo.SdkStepId">
            <summary>
            ID of the Step/
            </summary>
        </member>
        <member name="P:Microsoft.Xrm.Tooling.Dmt.ImportProcessor.DataInteraction.SdkMessageStepInfo.IsEnabled">
            <summary>
            Current state of the Step 
            </summary>
        </member>
        <member name="P:Microsoft.Xrm.Tooling.Dmt.ImportProcessor.DataInteraction.SdkMessageStepInfo.ImportTouchedPlugin">
            <summary>
            State set by the import processor. 
            </summary>
        </member>
        <member name="P:Microsoft.Xrm.Tooling.Dmt.ImportProcessor.DataInteraction.SdkMessageStepInfo.EntityName">
            <summary>
            Entity Name that the step is attached too. 
            </summary>
        </member>
        <member name="P:Microsoft.Xrm.Tooling.Dmt.ImportProcessor.DataInteraction.SdkMessageStepInfo.PluginStepName">
            <summary>
            Step Name
            </summary>
        </member>
        <member name="E:Microsoft.Xrm.Tooling.Dmt.ImportProcessor.DataInteraction.SdkMessageStepInfo.PropertyChanged">
            <summary>
            Default Event Hook for INotifyPropertyChanged
            </summary>
        </member>
        <member name="T:Microsoft.Xrm.Tooling.Dmt.ImportProcessor.Properties.Resources">
            <summary>
              A strongly-typed resource class, for looking up localized strings, etc.
            </summary>
        </member>
        <member name="P:Microsoft.Xrm.Tooling.Dmt.ImportProcessor.Properties.Resources.ResourceManager">
            <summary>
              Returns the cached ResourceManager instance used by this class.
            </summary>
        </member>
        <member name="P:Microsoft.Xrm.Tooling.Dmt.ImportProcessor.Properties.Resources.Culture">
            <summary>
              Overrides the current thread's CurrentUICulture property for all
              resource lookups using this strongly typed resource class.
            </summary>
        </member>
        <member name="P:Microsoft.Xrm.Tooling.Dmt.ImportProcessor.Properties.Resources.ACTIVATING">
            <summary>
              Looks up a localized string similar to Activating.
            </summary>
        </member>
        <member name="P:Microsoft.Xrm.Tooling.Dmt.ImportProcessor.Properties.Resources.BEGINNING_IMPORT_TO_CRM">
            <summary>
              Looks up a localized string similar to Beginning Import To CRM.. Importing {0} entities - {1} records.
            </summary>
        </member>
        <member name="P:Microsoft.Xrm.Tooling.Dmt.ImportProcessor.Properties.Resources.COMPLETED_PROCESSING_N_TO_N_TEAM">
            <summary>
              Looks up a localized string similar to Completed Processing N:N for Teams.
            </summary>
        </member>
        <member name="P:Microsoft.Xrm.Tooling.Dmt.ImportProcessor.Properties.Resources.COMPLETED_PROCESSING_N_TO_N_USER">
            <summary>
              Looks up a localized string similar to Completed Processing N:N for Users.
            </summary>
        </member>
        <member name="P:Microsoft.Xrm.Tooling.Dmt.ImportProcessor.Properties.Resources.DATA_DIRECTORY_PATH_REQUIRED">
            <summary>
              Looks up a localized string similar to DataDirectoryPath is required..
            </summary>
        </member>
        <member name="P:Microsoft.Xrm.Tooling.Dmt.ImportProcessor.Properties.Resources.DATA_FILE_FAILED_TO_LOAD_FROM_IMPORT">
            <summary>
              Looks up a localized string similar to Data file failed to load from the import package, or no data was found.
            </summary>
        </member>
        <member name="P:Microsoft.Xrm.Tooling.Dmt.ImportProcessor.Properties.Resources.DATA_FILE_NOT_FOUND">
            <summary>
              Looks up a localized string similar to Data file cannot be found in the import package..
            </summary>
        </member>
        <member name="P:Microsoft.Xrm.Tooling.Dmt.ImportProcessor.Properties.Resources.DATA_FILE_NOT_INITIALIZED">
            <summary>
              Looks up a localized string similar to Data file Cannot be initialized, Re-export the data and try again.
            </summary>
        </member>
        <member name="P:Microsoft.Xrm.Tooling.Dmt.ImportProcessor.Properties.Resources.DATA_SCHEMA_OBJECT_NOT_INITIALIZED">
            <summary>
              Looks up a localized string similar to Data Schema object has not been initialized,  You must call validate schema before Import..
            </summary>
        </member>
        <member name="P:Microsoft.Xrm.Tooling.Dmt.ImportProcessor.Properties.Resources.DATA_TIMESTAMP_INVALIDFORMAT">
            <summary>
              Looks up a localized string similar to Unable to parse timestamp &apos;{0}&apos; in data. Invalid format..
            </summary>
        </member>
        <member name="P:Microsoft.Xrm.Tooling.Dmt.ImportProcessor.Properties.Resources.DEACTIVATING">
            <summary>
              Looks up a localized string similar to Deactivating.
            </summary>
        </member>
        <member name="P:Microsoft.Xrm.Tooling.Dmt.ImportProcessor.Properties.Resources.DISABLE_AFFECTED_PLUGINS">
            <summary>
              Looks up a localized string similar to {0} plug-in.
            </summary>
        </member>
        <member name="P:Microsoft.Xrm.Tooling.Dmt.ImportProcessor.Properties.Resources.DISABLE_AFFECTED_PLUGINS_COMPLETED">
            <summary>
              Looks up a localized string similar to {0} plugins complete.
            </summary>
        </member>
        <member name="P:Microsoft.Xrm.Tooling.Dmt.ImportProcessor.Properties.Resources.DISABLE_AFFECTED_PLUGINS_IN_STEP">
            <summary>
              Looks up a localized string similar to {0} plug-in {1}.
            </summary>
        </member>
        <member name="P:Microsoft.Xrm.Tooling.Dmt.ImportProcessor.Properties.Resources.ENTITY_COMPLETED_IMPORTING">
            <summary>
              Looks up a localized string similar to Entity {0}, Completed Importing {1} of {2}{3}.
            </summary>
        </member>
        <member name="P:Microsoft.Xrm.Tooling.Dmt.ImportProcessor.Properties.Resources.ENTITY_M2M_RELATIONS_COMPLETED_IMPORTING">
            <summary>
              Looks up a localized string similar to Entity M2M Relations {0}, Completed Importing {1} of {2}{3}.
            </summary>
        </member>
        <member name="P:Microsoft.Xrm.Tooling.Dmt.ImportProcessor.Properties.Resources.IMPORT_PROCESS_COMPLETED">
            <summary>
              Looks up a localized string similar to Import Process completed.
            </summary>
        </member>
        <member name="P:Microsoft.Xrm.Tooling.Dmt.ImportProcessor.Properties.Resources.IMPORT_PROCESS_COMPLETED_DURATION">
            <summary>
              Looks up a localized string similar to Import Process completed - Import duration: {0:#.##} - RPS:{1:#.##}.
            </summary>
        </member>
        <member name="P:Microsoft.Xrm.Tooling.Dmt.ImportProcessor.Properties.Resources.NO_DATA_FOUND_IMPORT_FAILED">
            <summary>
              Looks up a localized string similar to No data was found, Import Failed.
            </summary>
        </member>
        <member name="P:Microsoft.Xrm.Tooling.Dmt.ImportProcessor.Properties.Resources.ORDERING_ENTITY_RECORDS">
            <summary>
              Looks up a localized string similar to Ordering Entity Records for {0}.
            </summary>
        </member>
        <member name="P:Microsoft.Xrm.Tooling.Dmt.ImportProcessor.Properties.Resources.PARSE_COMPLETE">
            <summary>
              Looks up a localized string similar to Parse Complete.
            </summary>
        </member>
        <member name="P:Microsoft.Xrm.Tooling.Dmt.ImportProcessor.Properties.Resources.PARSE_FAILED">
            <summary>
              Looks up a localized string similar to Parse Failed.
            </summary>
        </member>
        <member name="P:Microsoft.Xrm.Tooling.Dmt.ImportProcessor.Properties.Resources.PARSING_IMPORT_DATA_FILE">
            <summary>
              Looks up a localized string similar to Parsing import data file.
            </summary>
        </member>
        <member name="P:Microsoft.Xrm.Tooling.Dmt.ImportProcessor.Properties.Resources.PRE_PROCESSING_BATCH_MODE">
            <summary>
              Looks up a localized string similar to Pre-Processing {0} (Batching Mode): 0 of {1}.
            </summary>
        </member>
        <member name="P:Microsoft.Xrm.Tooling.Dmt.ImportProcessor.Properties.Resources.PRE_PROCESSING_ENTITY">
            <summary>
              Looks up a localized string similar to Pre-Processing Entity {0}.
            </summary>
        </member>
        <member name="P:Microsoft.Xrm.Tooling.Dmt.ImportProcessor.Properties.Resources.PROCESSING_BATCH_MODE_EXECUTING_BATCH">
            <summary>
              Looks up a localized string similar to Processing {0} (Batch), Executing {1} of {2} - Executing Batch of {3}.
            </summary>
        </member>
        <member name="P:Microsoft.Xrm.Tooling.Dmt.ImportProcessor.Properties.Resources.PROCESSING_BATCH_MODE_PRE_PROCESSING">
            <summary>
              Looks up a localized string similar to Processing  {0} (Batch), Pre-Processing {1} of {2}.
            </summary>
        </member>
        <member name="P:Microsoft.Xrm.Tooling.Dmt.ImportProcessor.Properties.Resources.PROCESSING_ENTITY">
            <summary>
              Looks up a localized string similar to Processing Entity: {0}.
            </summary>
        </member>
        <member name="P:Microsoft.Xrm.Tooling.Dmt.ImportProcessor.Properties.Resources.PROCESSING_ENTITY_M2M_RELATIONS">
            <summary>
              Looks up a localized string similar to Processing Entity M2M Relations: {0}.
            </summary>
        </member>
        <member name="P:Microsoft.Xrm.Tooling.Dmt.ImportProcessor.Properties.Resources.PROCESSING_ENTITY_M2M_RELATIONS_NON_THREADED_IMPORTED">
            <summary>
              Looks up a localized string similar to Processing Entity M2M Relations {0} (non-threaded), Imported {1} of {2}.
            </summary>
        </member>
        <member name="P:Microsoft.Xrm.Tooling.Dmt.ImportProcessor.Properties.Resources.PROCESSING_ENTITY_M2M_RELATIONS_THREADED_IMPORTED">
            <summary>
              Looks up a localized string similar to Processing Entity M2M Relations {0} (threaded), Imported {1} of {2}.
            </summary>
        </member>
        <member name="P:Microsoft.Xrm.Tooling.Dmt.ImportProcessor.Properties.Resources.PROCESSING_ENTITY_M2M_RELATIONS_THREADED_IMPORTED_COUNT">
            <summary>
              Looks up a localized string similar to Processing Entity M2M Relations {0} (threaded ({3})), Imported {1} of {2}.
            </summary>
        </member>
        <member name="P:Microsoft.Xrm.Tooling.Dmt.ImportProcessor.Properties.Resources.PROCESSING_ENTITY_NO_RECORD_FOUND_SKIPPING">
            <summary>
              Looks up a localized string similar to Processing Entity {0}, No Records found, Skipping.
            </summary>
        </member>
        <member name="P:Microsoft.Xrm.Tooling.Dmt.ImportProcessor.Properties.Resources.PROCESSING_ENTITY_NO_SCHEMA_RECORD_FOUND_SKIPPING">
            <summary>
              Looks up a localized string similar to Processing Entity {0}, No Schema Record found, Skipping.
            </summary>
        </member>
        <member name="P:Microsoft.Xrm.Tooling.Dmt.ImportProcessor.Properties.Resources.PROCESSING_ENTITY_NON_THREADED_IMPORTED">
            <summary>
              Looks up a localized string similar to Processing {0} (non-threaded), Imported {1} of {2}.
            </summary>
        </member>
        <member name="P:Microsoft.Xrm.Tooling.Dmt.ImportProcessor.Properties.Resources.PROCESSING_ENTITY_RECORDS">
            <summary>
              Looks up a localized string similar to Processing Entity {0}, {1} Records in this entity.
            </summary>
        </member>
        <member name="P:Microsoft.Xrm.Tooling.Dmt.ImportProcessor.Properties.Resources.PROCESSING_ENTITY_THREADED_IMPORTED">
            <summary>
              Looks up a localized string similar to Processing {0} (threaded), Imported {1} of {2}.
            </summary>
        </member>
        <member name="P:Microsoft.Xrm.Tooling.Dmt.ImportProcessor.Properties.Resources.PROCESSING_ENTITY_THREADED_IMPORTED_COUNT">
            <summary>
              Looks up a localized string similar to Processing {0} (threaded ({3})), Imported {1} of {2}.
            </summary>
        </member>
        <member name="P:Microsoft.Xrm.Tooling.Dmt.ImportProcessor.Properties.Resources.PROCESSING_N_TO_N_TEAM">
            <summary>
              Looks up a localized string similar to Processing N:N for Teams.
            </summary>
        </member>
        <member name="P:Microsoft.Xrm.Tooling.Dmt.ImportProcessor.Properties.Resources.PROCESSING_N_TO_N_USER">
            <summary>
              Looks up a localized string similar to Processing N:N for Users.
            </summary>
        </member>
        <member name="P:Microsoft.Xrm.Tooling.Dmt.ImportProcessor.Properties.Resources.PROCESSING_UPDATE_FOR_ENTITY_BATCH_MODE">
            <summary>
              Looks up a localized string similar to Processing Updates for entity (Batching Mode): {0}, 0 of {1}.
            </summary>
        </member>
        <member name="P:Microsoft.Xrm.Tooling.Dmt.ImportProcessor.Properties.Resources.PROCESSING_UPDATES_FOR_ENTITIY">
            <summary>
              Looks up a localized string similar to Processing Updates for entity: {0}, 0 of {1}.
            </summary>
        </member>
        <member name="P:Microsoft.Xrm.Tooling.Dmt.ImportProcessor.Properties.Resources.PROCESSING_UPDATES_FOR_ENTITIY_COUNT">
            <summary>
              Looks up a localized string similar to Processing Updates for entity: {0}, {2} of {1}.
            </summary>
        </member>
        <member name="P:Microsoft.Xrm.Tooling.Dmt.ImportProcessor.Properties.Resources.PROCESSING_UPDATES_FOR_ENTITIY_THREADED_IMPORTED">
            <summary>
              Looks up a localized string similar to Processing Updates for entity: {0} (threaded), Imported {1} of {2}.
            </summary>
        </member>
        <member name="P:Microsoft.Xrm.Tooling.Dmt.ImportProcessor.Properties.Resources.PROCESSING_UPDATES_FOR_ENTITIY_THREADED_IMPORTED_COUNT">
            <summary>
              Looks up a localized string similar to Processing Updates for entity: {0} (threaded ({3})), Imported {1} of {2}.
            </summary>
        </member>
        <member name="P:Microsoft.Xrm.Tooling.Dmt.ImportProcessor.Properties.Resources.PROCESSING_UPDATES_FOR_ENTITIY_THREADED_UPDATED">
            <summary>
              Looks up a localized string similar to Processing Updates for entity: {0} (threaded), Updated {1} of {2}.
            </summary>
        </member>
        <member name="P:Microsoft.Xrm.Tooling.Dmt.ImportProcessor.Properties.Resources.QUEUED_FOR_SECOND_PASS_UPDATE">
            <summary>
              Looks up a localized string similar to , {0} queued for second pass updates.
            </summary>
        </member>
        <member name="P:Microsoft.Xrm.Tooling.Dmt.ImportProcessor.Properties.Resources.RETRIEVING_PLUGIN_INFORMATION_FOR_ENTITIES">
            <summary>
              Looks up a localized string similar to Retrieving plugin information for {0} entities.
            </summary>
        </member>
        <member name="P:Microsoft.Xrm.Tooling.Dmt.ImportProcessor.Properties.Resources.RETRIEVING_PLUGIN_INFORMATION_FOR_PLUGINS">
            <summary>
              Looks up a localized string similar to Retrieved plugin information for {0} plugins.
            </summary>
        </member>
        <member name="P:Microsoft.Xrm.Tooling.Dmt.ImportProcessor.Properties.Resources.RUNNING_SCHEMA_VALIDATION">
            <summary>
              Looks up a localized string similar to Running Schema Validation.
            </summary>
        </member>
        <member name="P:Microsoft.Xrm.Tooling.Dmt.ImportProcessor.Properties.Resources.SCHEDULING_ENTITIY_IMPORT_COUNT">
            <summary>
              Looks up a localized string similar to Scheduling records to import for entity: {0}, Scheduled {1} of {2}.
            </summary>
        </member>
        <member name="P:Microsoft.Xrm.Tooling.Dmt.ImportProcessor.Properties.Resources.SCHEDULING_FAILED_ENTITY">
            <summary>
              Looks up a localized string similar to Scheduling of records failed for Entity : {0}.
            </summary>
        </member>
        <member name="P:Microsoft.Xrm.Tooling.Dmt.ImportProcessor.Properties.Resources.SCHEMA_VALIDATION_COMPLETED">
            <summary>
              Looks up a localized string similar to Schema Validation Complete.
            </summary>
        </member>
        <member name="P:Microsoft.Xrm.Tooling.Dmt.ImportProcessor.Properties.Resources.SCHEMA_VALIDATION_FAILED">
            <summary>
              Looks up a localized string similar to Schema Validation failed for Missing fields on Entities, See log for missing fields.
            </summary>
        </member>
        <member name="P:Microsoft.Xrm.Tooling.Dmt.ImportProcessor.Properties.Resources.UPDATE_FOR_ENTITY_COMPLETED">
            <summary>
              Looks up a localized string similar to Updates for entity: {0} complete, updated {2} of {1}.
            </summary>
        </member>
        <member name="P:Microsoft.Xrm.Tooling.Dmt.ImportProcessor.Properties.Resources.UPDATES_ENTITY_BATCH_MODE_COMPLETED">
            <summary>
              Looks up a localized string similar to Updates for entity(Batching Mode): {0} complete, updated {2} of {1}.
            </summary>
        </member>
        <member name="P:Microsoft.Xrm.Tooling.Dmt.ImportProcessor.Properties.Resources.USER_MAP_REQUIRED">
            <summary>
              Looks up a localized string similar to User Map required.
            </summary>
        </member>
        <member name="P:Microsoft.Xrm.Tooling.Dmt.ImportProcessor.Properties.Resources.USER_MAP_REQUIRED_TO_PROCEED">
            <summary>
              Looks up a localized string similar to A user map is required to proceed..
            </summary>
        </member>
    </members>
</doc>
